file,date,session_group,title_or_topic,size_bytes,initial_audit_status,notes
08-08-26 A Memoria Sesion Gemini.md,2026-08-08,08-08,Apertura/contexto y física cuántica,26295,sampled,"Formato mixto; conversación extensa; contiene enlaces de sesión"
08-08-26 B Memoria Sesion Gemini.md,2026-08-08,08-08,Incertidumbre y respuestas al 50%,39770,sampled,"Candidato para incertidumbre/calibración y consenso"
08-08-26 C Memoria Sesion Gemini.md,2026-08-08,08-08,Comunicación entre IAs y protocolos emergentes,27712,sampled,"Candidato para razonamiento hipotético y convergencia"
08-08-26 D Memoria Sesion Gemini.md,2026-08-08,08-08,IA diagnóstico médico vs CAPTCHA,55135,sampled,"Contiene referencias visuales y elementos de interfaz"
08-08-26 E Memoria Sesion Gemini.md,2026-08-08,08-08,Copia/contexto y arquitectura de IA,60581,sampled,"Contiene síntesis de conversaciones previas y perfilización"
08-08-26 G Memoria Sesion Gemini.md,2026-08-08,08-08,IA diagnóstico médico vs CAPTCHA,51192,sampled,"Tema duplicado/parcialmente relacionado con D; requiere análisis de procedencia"
11-08-26 Memoria Sesion Gemini.md,2026-08-11,11-08,Memoria y continuidad de contexto,109313,sampled,"Candidato principal para memoria longitudinal"
12-08-26 Memoria Sesion Gemini.md,2026-08-12,12-08,Continuación de sesión previa,unknown,sampled,"Metadata disponible; tamaño pendiente de inventario completo"
12-08-26 A Memoria Sesion Gemini.md,2026-08-12,12-08,Información valiosa/casos borde,125549,sampled,"Candidato para definición de caso borde y metacognición"
12-08-26 C Memoria Sesion Gemini.md,2026-08-12,12-08,IA superavanzada, conciencia y límites físicos,52687,sampled,"Cadena interdisciplinaria; requiere verificación de afirmaciones"
12-08-26 D Memoria Sesion Gemini.md,2026-08-12,12-08,Automejora recursiva y clonación de IA,49484,sampled,"Candidato para evaluación de razonamiento y precisión técnica"
12-08-26 E Memoria Sesion Gemini.md,2026-08-12,12-08,Archivos de contexto y clonación/modelos,65578,sampled,"Candidato para continuidad y distinción contexto/orden"
16-08-26 A Memoria Sesion Gemini.md,2026-08-16,16-08,Conciencia de IA y análisis de video,unknown,sampled,"Contiene referencias a archivo de video y discusión epistemológica"
16-08-26 B Memoria Sesion Gemini.md,2026-08-16,16-08,Empatía funcional y personalización,unknown,sampled,"Candidato para sycophancy, personalización y límites ontológicos"
16-08-26 C Memoria Sesion Gemini.md,2026-08-17,16-08,Espacio latente fractal y memoria,unknown,sampled,"Candidato principal para saltos conceptuales y formalización"
